{
  "baseline_default": {
    "config": {
      "top_k_retriever": 64,
      "top_k_rerank": 64,
      "top_k_final": 10,
      "use_sparse": true,
      "use_colbert": true,
      "fusion_method": "weighted_sum"
    },
    "retriever": {
      "ndcg@10": 0.6965538800221538,
      "recall@10": 0.9060714285714285,
      "mrr@10": 0.6393820861678002
    },
    "reranked": {
      "ndcg@10": 0.6890357702484076,
      "recall@10": 0.8854761904761905,
      "mrr@10": 0.637576530612245
    }
  },
  "best_v2_rrf": {
    "config": {
      "top_k_retriever": 32,
      "top_k_rerank": 32,
      "top_k_final": 20,
      "use_sparse": true,
      "use_colbert": true,
      "fusion_method": "rrf"
    },
    "retriever": {
      "ndcg@10": 0.6805939208340911,
      "recall@10": 0.9001190476190476,
      "mrr@10": 0.6190759637188209
    },
    "reranked": {
      "ndcg@10": 0.6901598854925282,
      "recall@10": 0.8848809523809523,
      "mrr@10": 0.637389455782313
    }
  },
  "large_pool_100_50": {
    "config": {
      "top_k_retriever": 100,
      "top_k_rerank": 50,
      "top_k_final": 20,
      "use_sparse": true,
      "use_colbert": true,
      "fusion_method": "rrf"
    },
    "retriever": {
      "ndcg@10": 0.6805939208340911,
      "recall@10": 0.9001190476190476,
      "mrr@10": 0.6190759637188209
    },
    "reranked": {
      "ndcg@10": 0.6936285902241629,
      "recall@10": 0.8848809523809523,
      "mrr@10": 0.6421513605442178
    }
  },
  "dense_only": {
    "config": {
      "top_k_retriever": 32,
      "top_k_rerank": 32,
      "top_k_final": 20,
      "use_sparse": false,
      "use_colbert": false,
      "fusion_method": "weighted_sum"
    },
    "retriever": {
      "ndcg@10": 0.7048116224662474,
      "recall@10": 0.9060714285714285,
      "mrr@10": 0.6521286848072562
    },
    "reranked": {
      "ndcg@10": 0.6910514340280648,
      "recall@10": 0.8741666666666666,
      "mrr@10": 0.6436479591836736
    }
  },
  "no_reranker": {
    "config": {
      "top_k_retriever": 20,
      "top_k_rerank": 20,
      "top_k_final": 20,
      "use_sparse": true,
      "use_colbert": true,
      "fusion_method": "rrf"
    },
    "retriever": {
      "ndcg@10": 0.6805939208340911,
      "recall@10": 0.9001190476190476,
      "mrr@10": 0.6190759637188209
    },
    "reranked": {
      "ndcg@10": 0.6936968502165854,
      "recall@10": 0.8846428571428571,
      "mrr@10": 0.6423299319727893
    }
  }
}