{
  "retriever": {
    "recall@1": 0.47345238095238096,
    "recall@5": 0.8370238095238095,
    "recall@10": 0.9072619047619047,
    "recall@20": 0.9477380952380953,
    "mrr@1": 0.5071428571428571,
    "mrr@5": 0.6523809523809522,
    "mrr@10": 0.6600623582766438,
    "mrr@20": 0.6625921201814057,
    "map@1": 0.5071428571428571,
    "map@5": 0.629626984126984,
    "map@10": 0.641154761904762,
    "map@20": 0.6448827947845804,
    "ndcg@1": 0.5071428571428571,
    "ndcg@5": 0.68870650157004,
    "ndcg@10": 0.7129498772009168,
    "ndcg@20": 0.7244333016409445,
    "queries_total": 1490,
    "queries_with_positives": 140,
    "queries_evaluated": 140,
    "skip_no_positives": true
  },
  "reranked": {
    "recall@1": 0.45654761904761904,
    "recall@5": 0.8151190476190475,
    "recall@10": 0.8151190476190475,
    "recall@20": 0.8151190476190475,
    "mrr@1": 0.4928571428571429,
    "mrr@5": 0.6332142857142856,
    "mrr@10": 0.6332142857142856,
    "mrr@20": 0.6332142857142856,
    "map@1": 0.4928571428571429,
    "map@5": 0.6144047619047619,
    "map@10": 0.6141269841269842,
    "map@20": 0.6141269841269842,
    "ndcg@1": 0.4928571428571429,
    "ndcg@5": 0.6703592816536972,
    "ndcg@10": 0.6700639652648187,
    "ndcg@20": 0.6700639652648187,
    "queries_total": 1490,
    "queries_with_positives": 140,
    "queries_evaluated": 140,
    "skip_no_positives": true
  },
  "eval_split": "test"
}