{
  "results": [
    {
      "retriever": "e5-large-v2",
      "reranker": "bge-reranker-v2-m3",
      "retriever_metrics": {
        "n_positive": 303,
        "n_empty": 2647,
        "oracle@3": 0.6666666666666666,
        "oracle@5": 0.7425742574257426,
        "oracle@10": 0.834983498349835,
        "recall@3": 0.6354235423542354,
        "recall@5": 0.7194169416941694,
        "recall@10": 0.82002200220022,
        "ndcg@3": 0.5344155369724652,
        "ndcg@5": 0.570442105899175,
        "ndcg@10": 0.6047398069999764,
        "mrr@3": 0.5137513751375138,
        "mrr@5": 0.5315731573157315,
        "mrr@10": 0.5439258211535439
      },
      "reranked_metrics": {
        "n_positive": 303,
        "n_empty": 2647,
        "oracle@3": 0.6864686468646864,
        "oracle@5": 0.7788778877887789,
        "oracle@10": 0.8679867986798679,
        "recall@3": 0.6611111111111111,
        "recall@5": 0.7594059405940594,
        "recall@10": 0.8594609460946095,
        "ndcg@3": 0.5709842423011965,
        "ndcg@5": 0.6125388253285382,
        "ndcg@10": 0.6461209605393193,
        "mrr@3": 0.5522552255225522,
        "mrr@5": 0.5733773377337734,
        "mrr@10": 0.5850568390172352
      }
    },
    {
      "retriever": "bge-large-en-v1.5",
      "reranker": "bge-reranker-v2-m3",
      "retriever_metrics": {
        "n_positive": 303,
        "n_empty": 2647,
        "oracle@3": 0.6666666666666666,
        "oracle@5": 0.7491749174917491,
        "oracle@10": 0.858085808580858,
        "recall@3": 0.6399889988998899,
        "recall@5": 0.7303080308030803,
        "recall@10": 0.8480748074807481,
        "ndcg@3": 0.5536244132103129,
        "ndcg@5": 0.5918366357292874,
        "ndcg@10": 0.6308841776626921,
        "mrr@3": 0.5363036303630363,
        "mrr@5": 0.5551155115511551,
        "mrr@10": 0.568986065273194
      },
      "reranked_metrics": {
        "n_positive": 303,
        "n_empty": 2647,
        "oracle@3": 0.6897689768976898,
        "oracle@5": 0.7788778877887789,
        "oracle@10": 0.8712871287128713,
        "recall@3": 0.6644114411441144,
        "recall@5": 0.7594059405940594,
        "recall@10": 0.8602860286028603,
        "ndcg@3": 0.5755026259527759,
        "ndcg@5": 0.6157240052663292,
        "ndcg@10": 0.6492749240597243,
        "mrr@3": 0.5572057205720572,
        "mrr@5": 0.5776677667766777,
        "mrr@10": 0.5896445596940647
      }
    },
    {
      "retriever": "gte-large-en-v1.5",
      "reranker": "bge-reranker-v2-m3",
      "retriever_metrics": {
        "n_positive": 303,
        "n_empty": 2647,
        "oracle@3": 0.6633663366336634,
        "oracle@5": 0.7557755775577558,
        "oracle@10": 0.8547854785478548,
        "recall@3": 0.6318481848184818,
        "recall@5": 0.7334433443344334,
        "recall@10": 0.8438393839383939,
        "ndcg@3": 0.5589154832927892,
        "ndcg@5": 0.6022848753407436,
        "ndcg@10": 0.6402930712885428,
        "mrr@3": 0.5478547854785478,
        "mrr@5": 0.5688118811881188,
        "mrr@10": 0.5827714914348578
      },
      "reranked_metrics": {
        "n_positive": 303,
        "n_empty": 2647,
        "oracle@3": 0.6831683168316832,
        "oracle@5": 0.7755775577557755,
        "oracle@10": 0.8613861386138614,
        "recall@3": 0.6594609460946095,
        "recall@5": 0.7561056105610561,
        "recall@10": 0.8512101210121013,
        "ndcg@3": 0.5734790378578404,
        "ndcg@5": 0.6146841785179856,
        "ndcg@10": 0.646600738372609,
        "mrr@3": 0.555005500550055,
        "mrr@5": 0.5767876787678768,
        "mrr@10": 0.5880179684635131
      }
    }
  ],
  "best_combination": {
    "retriever": "bge-large-en-v1.5",
    "reranker": "bge-reranker-v2-m3",
    "oracle@10": 0.8712871287128713
  }
}