{
  "retriever": {
    "recall@1": 0.44845238095238094,
    "recall@5": 0.8201190476190476,
    "recall@10": 0.8929761904761905,
    "recall@20": 0.9471428571428571,
    "mrr@1": 0.4857142857142857,
    "mrr@5": 0.6289285714285714,
    "mrr@10": 0.6381547619047618,
    "mrr@20": 0.641604539251598,
    "map@1": 0.4857142857142857,
    "map@5": 0.6051527777777779,
    "map@10": 0.6178630952380952,
    "map@20": 0.6221391043934442,
    "ndcg@1": 0.4857142857142857,
    "ndcg@5": 0.6662288065239038,
    "ndcg@10": 0.6923573097681384,
    "ndcg@20": 0.7070748509115636,
    "queries_total": 1490,
    "queries_with_positives": 140,
    "queries_evaluated": 140,
    "skip_no_positives": true
  },
  "reranked": {
    "recall@1": 0.45059523809523805,
    "recall@5": 0.8067857142857142,
    "recall@10": 0.8813095238095238,
    "recall@20": 0.8813095238095238,
    "mrr@1": 0.4928571428571429,
    "mrr@5": 0.6270238095238095,
    "mrr@10": 0.6368934240362811,
    "mrr@20": 0.6368934240362811,
    "map@1": 0.4928571428571429,
    "map@5": 0.6034920634920634,
    "map@10": 0.6148270975056691,
    "map@20": 0.6148270975056691,
    "ndcg@1": 0.4928571428571429,
    "ndcg@5": 0.6608070886907558,
    "ndcg@10": 0.6864194702178269,
    "ndcg@20": 0.6864194702178269,
    "queries_total": 1490,
    "queries_with_positives": 140,
    "queries_evaluated": 140,
    "skip_no_positives": true
  },
  "eval_split": "test"
}