{
  "retriever": {
    "recall@1": 0.4496428571428572,
    "recall@5": 0.8298809523809524,
    "recall@10": 0.9072619047619047,
    "recall@20": 0.9405952380952382,
    "mrr@1": 0.4785714285714286,
    "mrr@5": 0.6369047619047619,
    "mrr@10": 0.6453514739229024,
    "mrr@20": 0.6473698721913006,
    "map@1": 0.4785714285714286,
    "map@5": 0.6165119047619048,
    "map@10": 0.6289552154195011,
    "map@20": 0.6322278108795966,
    "ndcg@1": 0.4785714285714286,
    "ndcg@5": 0.677000500754298,
    "ndcg@10": 0.7034619841158948,
    "ndcg@20": 0.7131558847334413,
    "queries_total": 1490,
    "queries_with_positives": 140,
    "queries_evaluated": 140,
    "skip_no_positives": true
  },
  "reranked": {
    "recall@1": 0.45773809523809533,
    "recall@5": 0.7359523809523809,
    "recall@10": 0.7359523809523809,
    "recall@20": 0.7359523809523809,
    "mrr@1": 0.5,
    "mrr@5": 0.6166666666666666,
    "mrr@10": 0.6166666666666666,
    "mrr@20": 0.6166666666666666,
    "map@1": 0.5,
    "map@5": 0.5903571428571429,
    "map@10": 0.5899603174603175,
    "map@20": 0.5899603174603175,
    "ndcg@1": 0.5,
    "ndcg@5": 0.6346243454949241,
    "ndcg@10": 0.6342326548687655,
    "ndcg@20": 0.6342326548687655,
    "queries_total": 1490,
    "queries_with_positives": 140,
    "queries_evaluated": 140,
    "skip_no_positives": true
  },
  "eval_split": "test"
}