{
  "timestamp": "2026-01-09T00:28:48.829641",
  "split": "val",
  "n_queries": 50,
  "rerankers": {
    "retriever_baseline": {
      "metrics": {
        "recall@1": 0.39399999999999996,
        "mrr@1": 0.42,
        "ndcg@1": 0.42,
        "recall@5": 0.772,
        "mrr@5": 0.5553333333333333,
        "ndcg@5": 0.6050793604484709,
        "recall@10": 0.9159999999999999,
        "mrr@10": 0.5749126984126984,
        "ndcg@10": 0.6533695149643161,
        "recall@20": 1.0,
        "mrr@20": 0.5808787499050656,
        "ndcg@20": 0.67599198865941
      }
    },
    "jina-reranker-v3": {
      "metrics": {
        "recall@1": 0.19399999999999998,
        "mrr@1": 0.22,
        "ndcg@1": 0.22,
        "recall@5": 0.604,
        "mrr@5": 0.35233333333333333,
        "ndcg@5": 0.40456390621492944,
        "recall@10": 0.8640000000000001,
        "mrr@10": 0.38588095238095244,
        "ndcg@10": 0.4874838643164942,
        "recall@20": 0.98,
        "mrr@20": 0.39203934747742797,
        "ndcg@20": 0.518729668827362
      },
      "model_id": "jinaai/jina-reranker-v3"
    },
    "bge-reranker-v2-m3": {
      "metrics": {
        "recall@1": 0.434,
        "mrr@1": 0.46,
        "ndcg@1": 0.46,
        "recall@5": 0.722,
        "mrr@5": 0.562,
        "ndcg@5": 0.5933497089922183,
        "recall@10": 0.88,
        "mrr@10": 0.5806111111111111,
        "ndcg@10": 0.64653626534656,
        "recall@20": 1.0,
        "mrr@20": 0.5885221783720236,
        "ndcg@20": 0.6763814701701644
      },
      "model_id": "BAAI/bge-reranker-v2-m3"
    }
  }
}