{
  "timestamp": "2026-01-09T01:38:33.477289",
  "split": "val",
  "n_queries": 1480,
  "n_queries_with_positives": 135,
  "retrievers": {
    "bge-m3": {
      "oracle_recalls": {
        "oracle_recall@1": 0.41876543209876543,
        "oracle_recall@3": 0.6708641975308641,
        "oracle_recall@5": 0.7859259259259259,
        "oracle_recall@10": 0.8948148148148148,
        "oracle_recall@20": 0.9629629629629629,
        "oracle_recall@50": 0.9925925925925926,
        "oracle_recall@100": 0.9925925925925926
      },
      "ranking_metrics": {
        "ndcg@1": 0.45185185185185184,
        "ndcg@3": 0.5757626112492681,
        "ndcg@5": 0.6228732254852696,
        "ndcg@10": 0.658894056410309,
        "ndcg@20": 0.6771289433146762,
        "mrr@1": 0.45185185185185184,
        "mrr@3": 0.5567901234567901,
        "mrr@5": 0.5801234567901234,
        "mrr@10": 0.5928042328042329,
        "mrr@20": 0.5979834972198235,
        "recall@1": 0.41876543209876543,
        "recall@3": 0.6708641975308641,
        "recall@5": 0.7859259259259259,
        "recall@10": 0.8948148148148148,
        "recall@20": 0.9629629629629629
      },
      "queries_evaluated": 135
    },
    "bge-large-en-v1.5": {
      "oracle_recalls": {
        "oracle_recall@1": 0.42246913580246914,
        "oracle_recall@3": 0.6792592592592592,
        "oracle_recall@5": 0.8051851851851852,
        "oracle_recall@10": 0.9118518518518518,
        "oracle_recall@20": 0.9555555555555556,
        "oracle_recall@50": 0.9925925925925926,
        "oracle_recall@100": 0.9925925925925926
      },
      "ranking_metrics": {
        "ndcg@1": 0.45185185185185184,
        "ndcg@3": 0.5810308258005515,
        "ndcg@5": 0.6319016294021618,
        "ndcg@10": 0.6693277150270766,
        "ndcg@20": 0.6816540996077991,
        "mrr@1": 0.45185185185185184,
        "mrr@3": 0.5641975308641974,
        "mrr@5": 0.5904938271604938,
        "mrr@10": 0.6033509700176367,
        "mrr@20": 0.6062818662818664,
        "recall@1": 0.42246913580246914,
        "recall@3": 0.6792592592592592,
        "recall@5": 0.8051851851851852,
        "recall@10": 0.9118518518518518,
        "recall@20": 0.9555555555555556
      },
      "queries_evaluated": 135
    },
    "e5-large-v2": {
      "oracle_recalls": {
        "oracle_recall@1": 0.3728395061728395,
        "oracle_recall@3": 0.6397530864197531,
        "oracle_recall@5": 0.7548148148148148,
        "oracle_recall@10": 0.9059259259259259,
        "oracle_recall@20": 0.9703703703703703,
        "oracle_recall@50": 0.9925925925925926,
        "oracle_recall@100": 0.9925925925925926
      },
      "ranking_metrics": {
        "ndcg@1": 0.3925925925925926,
        "ndcg@3": 0.5378355782681061,
        "ndcg@5": 0.5867476542287661,
        "ndcg@10": 0.637651804041924,
        "ndcg@20": 0.6548489719735673,
        "mrr@1": 0.3925925925925926,
        "mrr@3": 0.5135802469135803,
        "mrr@5": 0.5380246913580248,
        "mrr@10": 0.5574573780129336,
        "mrr@20": 0.5618166607055496,
        "recall@1": 0.3728395061728395,
        "recall@3": 0.6397530864197531,
        "recall@5": 0.7548148148148148,
        "recall@10": 0.9059259259259259,
        "recall@20": 0.9703703703703703
      },
      "queries_evaluated": 135
    },
    "gte-large-en-v1.5": {
      "error": "Alibaba-NLP/new-impl You can inspect the repository content at https://hf.co/Alibaba-NLP/gte-large-en-v1.5.\nPlease pass the argument `trust_remote_code=True` to allow custom code to be run."
    },
    "bm25": {
      "oracle_recalls": {
        "oracle_recall@1": 0.29259259259259257,
        "oracle_recall@3": 0.5338271604938272,
        "oracle_recall@5": 0.6362962962962964,
        "oracle_recall@10": 0.8177777777777778,
        "oracle_recall@20": 0.9296296296296296,
        "oracle_recall@50": 0.9703703703703703,
        "oracle_recall@100": 0.9925925925925926
      },
      "ranking_metrics": {
        "ndcg@1": 0.3037037037037037,
        "ndcg@3": 0.44059759083175215,
        "ndcg@5": 0.4825314670158608,
        "ndcg@10": 0.5432507336494241,
        "ndcg@20": 0.5736933844159108,
        "mrr@1": 0.3037037037037037,
        "mrr@3": 0.4135802469135802,
        "mrr@5": 0.4332098765432098,
        "mrr@10": 0.4590329218106996,
        "mrr@20": 0.4672461108245422,
        "recall@1": 0.29259259259259257,
        "recall@3": 0.5338271604938272,
        "recall@5": 0.6362962962962964,
        "recall@10": 0.8177777777777778,
        "recall@20": 0.9296296296296296
      },
      "queries_evaluated": 135
    }
  }
}