{
  "timestamp": "2026-01-09T00:20:52.323448",
  "split": "val",
  "n_queries": 1480,
  "n_queries_with_positives": 135,
  "retrievers": {
    "bge-m3": {
      "oracle_recalls": {
        "oracle_recall@50": 0.9925925925925926,
        "oracle_recall@100": 0.9925925925925926,
        "oracle_recall@200": 1.0,
        "oracle_recall@400": 1.0,
        "oracle_recall@800": 1.0
      },
      "ranking_metrics": {
        "ndcg@1": 0.45185185185185184,
        "ndcg@5": 0.6228732254852696,
        "ndcg@10": 0.658894056410309,
        "ndcg@20": 0.6771289433146762,
        "mrr@1": 0.45185185185185184,
        "mrr@5": 0.5801234567901234,
        "mrr@10": 0.5928042328042329,
        "mrr@20": 0.5979834972198235,
        "recall@1": 0.41876543209876543,
        "recall@5": 0.7859259259259259,
        "recall@10": 0.8948148148148148,
        "recall@20": 0.9629629629629629
      },
      "queries_evaluated": 135
    },
    "bge-large-en-v1.5": {
      "oracle_recalls": {
        "oracle_recall@50": 0.9925925925925926,
        "oracle_recall@100": 0.9925925925925926,
        "oracle_recall@200": 1.0,
        "oracle_recall@400": 1.0,
        "oracle_recall@800": 1.0
      },
      "ranking_metrics": {
        "ndcg@1": 0.45185185185185184,
        "ndcg@5": 0.6319016294021618,
        "ndcg@10": 0.6693277150270766,
        "ndcg@20": 0.6816540996077991,
        "mrr@1": 0.45185185185185184,
        "mrr@5": 0.5904938271604938,
        "mrr@10": 0.6033509700176367,
        "mrr@20": 0.6062818662818664,
        "recall@1": 0.42246913580246914,
        "recall@5": 0.8051851851851852,
        "recall@10": 0.9118518518518518,
        "recall@20": 0.9555555555555556
      },
      "queries_evaluated": 135
    },
    "e5-large-v2": {
      "oracle_recalls": {
        "oracle_recall@50": 0.9925925925925926,
        "oracle_recall@100": 0.9925925925925926,
        "oracle_recall@200": 1.0,
        "oracle_recall@400": 1.0,
        "oracle_recall@800": 1.0
      },
      "ranking_metrics": {
        "ndcg@1": 0.3925925925925926,
        "ndcg@5": 0.5867476542287661,
        "ndcg@10": 0.637651804041924,
        "ndcg@20": 0.6548489719735673,
        "mrr@1": 0.3925925925925926,
        "mrr@5": 0.5380246913580248,
        "mrr@10": 0.5574573780129336,
        "mrr@20": 0.5618166607055496,
        "recall@1": 0.3728395061728395,
        "recall@5": 0.7548148148148148,
        "recall@10": 0.9059259259259259,
        "recall@20": 0.9703703703703703
      },
      "queries_evaluated": 135
    },
    "bm25": {
      "error": "rank_bm25 is required. Install with: pip install rank-bm25"
    }
  }
}