{
  "retriever": {
    "positives_only": {
      "recall@1": 0.41988095238095235,
      "recall@5": 0.8320238095238095,
      "recall@10": 0.9001190476190476,
      "recall@20": 0.9340476190476189,
      "mrr@1": 0.45714285714285713,
      "mrr@5": 0.6117857142857144,
      "mrr@10": 0.6190759637188209,
      "mrr@20": 0.6210530045351474,
      "map@1": 0.45714285714285713,
      "map@5": 0.5893313492063493,
      "map@10": 0.6009878117913833,
      "map@20": 0.6037603509689976,
      "ndcg@1": 0.45714285714285713,
      "ndcg@5": 0.6569185934262046,
      "ndcg@10": 0.6805939208340911,
      "ndcg@20": 0.6898043622335434,
      "queries_total": 1490,
      "queries_with_positives": 140,
      "queries_evaluated": 140,
      "skip_no_positives": true
    },
    "all_queries": {
      "recall@1": 0.039451901565995526,
      "recall@5": 0.07817673378076062,
      "recall@10": 0.08457494407158836,
      "recall@20": 0.0877628635346756,
      "mrr@1": 0.042953020134228186,
      "mrr@5": 0.05748322147651007,
      "mrr@10": 0.058168211356130824,
      "mrr@20": 0.05835397358048366,
      "map@1": 0.042953020134228186,
      "map@5": 0.055373415361670404,
      "map@10": 0.05646865345690849,
      "map@20": 0.056729160493731313,
      "ndcg@1": 0.042953020134228186,
      "ndcg@5": 0.06172389468434137,
      "ndcg@10": 0.06394842209179379,
      "ndcg@20": 0.06481383269308462,
      "queries_total": 1490,
      "queries_with_positives": 140,
      "queries_evaluated": 1490,
      "skip_no_positives": false
    }
  },
  "reranked": {
    "positives_only": {
      "recall@1": 0.44940476190476186,
      "recall@5": 0.805595238095238,
      "recall@10": 0.8848809523809523,
      "recall@20": 0.938095238095238,
      "mrr@1": 0.4857142857142857,
      "mrr@5": 0.625952380952381,
      "mrr@10": 0.637389455782313,
      "mrr@20": 0.6393551543424388,
      "map@1": 0.4857142857142857,
      "map@5": 0.606309523809524,
      "map@10": 0.6188863378684808,
      "map@20": 0.6240379401760705,
      "ndcg@1": 0.4857142857142857,
      "ndcg@5": 0.662260307681988,
      "ndcg@10": 0.6901598854925282,
      "ndcg@20": 0.7051960374115709,
      "queries_total": 1490,
      "queries_with_positives": 140,
      "queries_evaluated": 140,
      "skip_no_positives": true
    },
    "all_queries": {
      "recall@1": 0.04222595078299776,
      "recall@5": 0.07569351230425056,
      "recall@10": 0.08314317673378076,
      "recall@20": 0.08814317673378075,
      "mrr@1": 0.04563758389261745,
      "mrr@5": 0.05881431767337808,
      "mrr@10": 0.059888942154042835,
      "mrr@20": 0.06007363866304795,
      "map@1": 0.04563758389261745,
      "map@5": 0.056968680089485475,
      "map@10": 0.05815039416213913,
      "map@20": 0.05863443733197978,
      "ndcg@1": 0.04563758389261745,
      "ndcg@5": 0.06222580072179752,
      "ndcg@10": 0.06484723756305634,
      "ndcg@20": 0.06626003036081873,
      "queries_total": 1490,
      "queries_with_positives": 140,
      "queries_evaluated": 1490,
      "skip_no_positives": false
    }
  },
  "eval_split": "test",
  "eval_mode": "dual"
}