{
  "timestamp": "2026-01-09T00:23:44.357943",
  "split": "val",
  "n_queries": 135,
  "settings": {
    "single_query": {
      "n_paraphrases": 1,
      "fusion_method": "none",
      "metrics": {
        "recall@1": 0.41876543209876543,
        "mrr@1": 0.45185185185185184,
        "ndcg@1": 0.45185185185185184,
        "recall@5": 0.7859259259259259,
        "mrr@5": 0.5801234567901234,
        "ndcg@5": 0.6228732254852696,
        "recall@10": 0.8948148148148148,
        "mrr@10": 0.5928042328042329,
        "ndcg@10": 0.658894056410309,
        "recall@20": 0.9629629629629629,
        "mrr@20": 0.5979834972198235,
        "ndcg@20": 0.6771289433146762
      }
    },
    "multi_query_8_rrf": {
      "n_paraphrases": 8,
      "fusion_method": "rrf",
      "metrics": {
        "recall@1": 0.411358024691358,
        "mrr@1": 0.4444444444444444,
        "ndcg@1": 0.4444444444444444,
        "recall@5": 0.8007407407407408,
        "mrr@5": 0.5844444444444444,
        "ndcg@5": 0.6298604554092966,
        "recall@10": 0.9244444444444444,
        "mrr@10": 0.5990299823633157,
        "ndcg@10": 0.6708879906815902,
        "recall@20": 0.9703703703703703,
        "mrr@20": 0.6018951000203151,
        "ndcg@20": 0.6825603723442423
      }
    },
    "multi_query_8_max_score": {
      "n_paraphrases": 8,
      "fusion_method": "max_score",
      "metrics": {
        "recall@1": 0.4632098765432099,
        "mrr@1": 0.4962962962962963,
        "ndcg@1": 0.4962962962962963,
        "recall@5": 0.8066666666666668,
        "mrr@5": 0.6169135802469137,
        "ndcg@5": 0.6556820683288069,
        "recall@10": 0.917037037037037,
        "mrr@10": 0.6303909465020577,
        "ndcg@10": 0.6931529676670959,
        "recall@20": 0.9629629629629629,
        "mrr@20": 0.6334295570079885,
        "ndcg@20": 0.7050005861939542
      }
    }
  },
  "decision_gate_D3": {
    "improvement": 0.03425891125678693,
    "threshold": 0.005,
    "recommendation": "KEEP"
  }
}