{
  "retriever": {
    "recall@1": 0.48690476190476184,
    "recall@5": 0.8392857142857143,
    "recall@10": 0.9,
    "recall@20": 0.9428571428571428,
    "mrr@1": 0.5142857142857142,
    "mrr@5": 0.6369047619047618,
    "mrr@10": 0.6449178004535145,
    "mrr@20": 0.6484273861059575,
    "map@1": 0.5142857142857142,
    "map@5": 0.6285714285714284,
    "map@10": 0.637378117913832,
    "map@20": 0.6411582663368376,
    "ndcg@1": 0.5142857142857142,
    "ndcg@5": 0.6837336769084765,
    "ndcg@10": 0.7039152742194614,
    "ndcg@20": 0.7158300181763066,
    "queries_total": 1470,
    "queries_with_positives": 140,
    "queries_evaluated": 140,
    "skip_no_positives": true
  },
  "reranked": {
    "recall@1": 0.48690476190476184,
    "recall@5": 0.825,
    "recall@10": 0.9214285714285714,
    "recall@20": 0.9642857142857143,
    "mrr@1": 0.5071428571428571,
    "mrr@5": 0.6276190476190476,
    "mrr@10": 0.641125283446712,
    "mrr@20": 0.6441492237920811,
    "map@1": 0.5071428571428571,
    "map@5": 0.6228571428571429,
    "map@10": 0.6371570294784581,
    "map@20": 0.640180969823827,
    "ndcg@1": 0.5071428571428571,
    "ndcg@5": 0.6751282017322537,
    "ndcg@10": 0.7076022702442121,
    "ndcg@20": 0.718517604519289,
    "queries_total": 1470,
    "queries_with_positives": 140,
    "queries_evaluated": 140,
    "skip_no_positives": true
  },
  "eval_split": "val"
}