{
  "retriever": {
    "recall@1": 0.4520238095238095,
    "recall@5": 0.8224999999999999,
    "recall@10": 0.9060714285714285,
    "recall@20": 0.9477380952380953,
    "mrr@1": 0.4857142857142857,
    "mrr@5": 0.6298809523809522,
    "mrr@10": 0.6393820861678002,
    "mrr@20": 0.6416085600907028,
    "map@1": 0.4857142857142857,
    "map@5": 0.606200396825397,
    "map@10": 0.6201544784580498,
    "map@20": 0.6236699166846225,
    "ndcg@1": 0.4857142857142857,
    "ndcg@5": 0.6677407262173537,
    "ndcg@10": 0.6965538800221538,
    "ndcg@20": 0.7080890428373751,
    "queries_total": 1490,
    "queries_with_positives": 140,
    "queries_evaluated": 140,
    "skip_no_positives": true
  },
  "reranked": {
    "recall@1": 0.4577380952380952,
    "recall@5": 0.8103571428571428,
    "recall@10": 0.883095238095238,
    "recall@20": 0.9178571428571428,
    "mrr@1": 0.5,
    "mrr@5": 0.6288095238095238,
    "mrr@10": 0.6379336734693878,
    "mrr@20": 0.6390635815729802,
    "map@1": 0.5,
    "map@5": 0.6061408730158729,
    "map@10": 0.6167701247165533,
    "map@20": 0.6205574318121313,
    "ndcg@1": 0.5,
    "ndcg@5": 0.663384412477193,
    "ndcg@10": 0.688291361643807,
    "ndcg@20": 0.6982873557439828,
    "queries_total": 1490,
    "queries_with_positives": 140,
    "queries_evaluated": 140,
    "skip_no_positives": true
  },
  "eval_split": "test"
}