{
  "model_name": "bge-reranker-v2-m3",
  "model_id": "BAAI/bge-reranker-v2-m3",
  "retriever_model": "intfloat/e5-large-v2",
  "best_trial": {
    "trial": 23,
    "params": {
      "learning_rate": 1.7335551903658207e-05,
      "weight_decay": 0.09330629878606733,
      "temperature": 1.7991208388071878,
      "w_list": 1.7837780818220181,
      "w_pair": 0.8922487264074941,
      "w_point": 0.1950236581346792,
      "max_length": 128,
      "num_epochs": 7
    },
    "value": 0.9119718309859155
  },
  "dev_select_metrics": {
    "n_positive": 284,
    "n_empty": 0,
    "oracle@3": 0.6690140845070423,
    "oracle@5": 0.7746478873239436,
    "oracle@10": 0.8802816901408451,
    "recall@3": 0.6428403755868545,
    "recall@5": 0.7538732394366197,
    "recall@10": 0.8732394366197183,
    "ndcg@3": 0.5461270736597758,
    "ndcg@5": 0.5927637458398632,
    "ndcg@10": 0.6329184441672393,
    "mrr@3": 0.5258215962441314,
    "mrr@5": 0.5501173708920188,
    "mrr@10": 0.5639252179745137
  },
  "n_trials_total": 24,
  "gpu_hours": 7.243322387072775,
  "timestamp": "2026-01-09T11:40:39.845601"
}