{
  "deployment": {
    "n_queries": 2950,
    "n_with_positives": 303,
    "n_empty": 2647,
    "empty_prevalence": 0.8972881355932203,
    "false_evidence_count": 2647,
    "false_evidence_rate": 1.0
  },
  "no_evidence": {
    "max_score_t0.2": {
      "precision": 0.415929203539823,
      "recall": 0.1551155115511551,
      "f1": 0.22596153846153844,
      "accuracy": 0.8908474576271187,
      "true_positives": 47,
      "false_positives": 66,
      "false_negatives": 256,
      "true_negatives": 2581,
      "method": "max_score",
      "threshold": 0.2,
      "used_real_scores": true
    },
    "max_score_t0.3": {
      "precision": 0.42201834862385323,
      "recall": 0.15181518151815182,
      "f1": 0.22330097087378642,
      "accuracy": 0.8915254237288136,
      "true_positives": 46,
      "false_positives": 63,
      "false_negatives": 257,
      "true_negatives": 2584,
      "method": "max_score",
      "threshold": 0.3,
      "used_real_scores": true
    },
    "max_score_t0.4": {
      "precision": 0.40404040404040403,
      "recall": 0.132013201320132,
      "f1": 0.1990049751243781,
      "accuracy": 0.8908474576271187,
      "true_positives": 40,
      "false_positives": 59,
      "false_negatives": 263,
      "true_negatives": 2588,
      "method": "max_score",
      "threshold": 0.4,
      "used_real_scores": true
    },
    "max_score_t0.5": {
      "precision": 0.3894736842105263,
      "recall": 0.12211221122112212,
      "f1": 0.18592964824120603,
      "accuracy": 0.8901694915254237,
      "true_positives": 37,
      "false_positives": 58,
      "false_negatives": 266,
      "true_negatives": 2589,
      "method": "max_score",
      "threshold": 0.5,
      "used_real_scores": true
    },
    "max_score_t0.6": {
      "precision": 0.3956043956043956,
      "recall": 0.1188118811881188,
      "f1": 0.182741116751269,
      "accuracy": 0.8908474576271187,
      "true_positives": 36,
      "false_positives": 55,
      "false_negatives": 267,
      "true_negatives": 2592,
      "method": "max_score",
      "threshold": 0.6,
      "used_real_scores": true
    },
    "max_score_t0.7": {
      "precision": 0.38095238095238093,
      "recall": 0.10561056105610561,
      "f1": 0.165374677002584,
      "accuracy": 0.8905084745762711,
      "true_positives": 32,
      "false_positives": 52,
      "false_negatives": 271,
      "true_negatives": 2595,
      "method": "max_score",
      "threshold": 0.7,
      "used_real_scores": true
    },
    "score_std_t0.2": {
      "precision": 0.11128967456809964,
      "recall": 0.9141914191419142,
      "f1": 0.1984240687679083,
      "accuracy": 0.24135593220338983,
      "true_positives": 277,
      "false_positives": 2212,
      "false_negatives": 26,
      "true_negatives": 435,
      "method": "score_std",
      "threshold": 0.2,
      "used_real_scores": true
    },
    "score_std_t0.3": {
      "precision": 0.11128967456809964,
      "recall": 0.9141914191419142,
      "f1": 0.1984240687679083,
      "accuracy": 0.24135593220338983,
      "true_positives": 277,
      "false_positives": 2212,
      "false_negatives": 26,
      "true_negatives": 435,
      "method": "score_std",
      "threshold": 0.3,
      "used_real_scores": true
    },
    "score_std_t0.4": {
      "precision": 0.11128967456809964,
      "recall": 0.9141914191419142,
      "f1": 0.1984240687679083,
      "accuracy": 0.24135593220338983,
      "true_positives": 277,
      "false_positives": 2212,
      "false_negatives": 26,
      "true_negatives": 435,
      "method": "score_std",
      "threshold": 0.4,
      "used_real_scores": true
    },
    "score_std_t0.5": {
      "precision": 0.11128967456809964,
      "recall": 0.9141914191419142,
      "f1": 0.1984240687679083,
      "accuracy": 0.24135593220338983,
      "true_positives": 277,
      "false_positives": 2212,
      "false_negatives": 26,
      "true_negatives": 435,
      "method": "score_std",
      "threshold": 0.5,
      "used_real_scores": true
    },
    "score_std_t0.6": {
      "precision": 0.11128967456809964,
      "recall": 0.9141914191419142,
      "f1": 0.1984240687679083,
      "accuracy": 0.24135593220338983,
      "true_positives": 277,
      "false_positives": 2212,
      "false_negatives": 26,
      "true_negatives": 435,
      "method": "score_std",
      "threshold": 0.6,
      "used_real_scores": true
    },
    "score_std_t0.7": {
      "precision": 0.11128967456809964,
      "recall": 0.9141914191419142,
      "f1": 0.1984240687679083,
      "accuracy": 0.24135593220338983,
      "true_positives": 277,
      "false_positives": 2212,
      "false_negatives": 26,
      "true_negatives": 435,
      "method": "score_std",
      "threshold": 0.7,
      "used_real_scores": true
    },
    "combined_t0.2": {
      "precision": 0.415929203539823,
      "recall": 0.1551155115511551,
      "f1": 0.22596153846153844,
      "accuracy": 0.8908474576271187,
      "true_positives": 47,
      "false_positives": 66,
      "false_negatives": 256,
      "true_negatives": 2581,
      "method": "combined",
      "threshold": 0.2,
      "used_real_scores": true
    },
    "combined_t0.3": {
      "precision": 0.42201834862385323,
      "recall": 0.15181518151815182,
      "f1": 0.22330097087378642,
      "accuracy": 0.8915254237288136,
      "true_positives": 46,
      "false_positives": 63,
      "false_negatives": 257,
      "true_negatives": 2584,
      "method": "combined",
      "threshold": 0.3,
      "used_real_scores": true
    },
    "combined_t0.4": {
      "precision": 0.40404040404040403,
      "recall": 0.132013201320132,
      "f1": 0.1990049751243781,
      "accuracy": 0.8908474576271187,
      "true_positives": 40,
      "false_positives": 59,
      "false_negatives": 263,
      "true_negatives": 2588,
      "method": "combined",
      "threshold": 0.4,
      "used_real_scores": true
    },
    "combined_t0.5": {
      "precision": 0.3894736842105263,
      "recall": 0.12211221122112212,
      "f1": 0.18592964824120603,
      "accuracy": 0.8901694915254237,
      "true_positives": 37,
      "false_positives": 58,
      "false_negatives": 266,
      "true_negatives": 2589,
      "method": "combined",
      "threshold": 0.5,
      "used_real_scores": true
    },
    "combined_t0.6": {
      "precision": 0.3956043956043956,
      "recall": 0.1188118811881188,
      "f1": 0.182741116751269,
      "accuracy": 0.8908474576271187,
      "true_positives": 36,
      "false_positives": 55,
      "false_negatives": 267,
      "true_negatives": 2592,
      "method": "combined",
      "threshold": 0.6,
      "used_real_scores": true
    },
    "combined_t0.7": {
      "precision": 0.38095238095238093,
      "recall": 0.10561056105610561,
      "f1": 0.165374677002584,
      "accuracy": 0.8905084745762711,
      "true_positives": 32,
      "false_positives": 52,
      "false_negatives": 271,
      "true_negatives": 2595,
      "method": "combined",
      "threshold": 0.7,
      "used_real_scores": true
    }
  },
  "dynamic_k": {
    "score_gap": {
      "method": "score_gap",
      "mean_k": 1.0013559322033898,
      "std_k": 0.04507837345052011,
      "mean_optimal_k": 0.3352542372881356,
      "correlation": 0.050837343173815365,
      "used_real_scores": true
    },
    "elbow": {
      "method": "elbow",
      "mean_k": 4.157966101694916,
      "std_k": 2.8686728636864305,
      "mean_optimal_k": 0.3352542372881356,
      "correlation": 0.10093649307251933,
      "used_real_scores": true
    }
  }
}